conversation_id,turn_no,speaker,utterance,intent,price,background_data,items,negotiation_strategy_label
0,1,0,"Hello, I'm interested in a refrigerator, I need to store a lot of food and I've seen that the refrigerator you have listed has a 28 cu. ft. capacity, does it have ice maker, adjustable shelves, and a temperature controlled drawer?",Greet-Ask,53300,"A refrigerator called Samsung 28 cu. ft. 4-Door French Door Refrigerator. This refrigerator boasts a massive 28 cu. ft. capacity and features a built-in ice maker, adjustable shelves, and a temperature-controlled drawer that can be customized for different types of food., (A Stand called Heavy Duty Refrigerator Stand. This stand is made of sturdy steel and can support up to 800 pounds. It is adjustable in size and can fit most refrigerators. It also has four locking wheels for easy mobility.,), ","refrigerator, (Stand,)",active_listening
0,1,1,"Hello, the refrigerator is being sold for $68000.0 It has a 28 cu. ft. capacity, it has adjustable shelves and a temperature-controlled drawer.",Greet-Inform,68000,"A refrigerator called Samsung 28 cu. ft. 4-Door French Door Refrigerator. This refrigerator boasts a massive 28 cu. ft. capacity and features a built-in ice maker, adjustable shelves, and a temperature-controlled drawer that can be customized for different types of food., (A Stand called Heavy Duty Refrigerator Stand. This stand is made of sturdy steel and can support up to 800 pounds. It is adjustable in size and can fit most refrigerators. It also has four locking wheels for easy mobility.,), ","refrigerator, (Stand,)",leverage_information
0,2,0,I am on a tight budget. Can you sell me the refrigerator for $52600.0,Negotiate-Remove-X_Negotiate-Price-Decrease,52600,"A refrigerator called Samsung 28 cu. ft. 4-Door French Door Refrigerator. This refrigerator boasts a massive 28 cu. ft. capacity and features a built-in ice maker, adjustable shelves, and a temperature-controlled drawer that can be customized for different types of food., (A Stand called Heavy Duty Refrigerator Stand. This stand is made of sturdy steel and can support up to 800 pounds. It is adjustable in size and can fit most refrigerators. It also has four locking wheels for easy mobility.,), ",refrigerator,no_strategy
0,2,1,"Certainly! I can remove the freezer from the refrigerator and sell the unit for $52600.0, however, $52600.0 is too less. How about $67300.0",Negotiate-Price-Remove-X,67300,"A refrigerator called Samsung 28 cu. ft. 4-Door French Door Refrigerator. This refrigerator boasts a massive 28 cu. ft. capacity and features a built-in ice maker, adjustable shelves, and a temperature-controlled drawer that can be customized for different types of food., (A Stand called Heavy Duty Refrigerator Stand. This stand is made of sturdy steel and can support up to 800 pounds. It is adjustable in size and can fit most refrigerators. It also has four locking wheels for easy mobility.,), ",refrigerator,expanding_the_pie
0,3,0,I do not want to have the refrigerator delivered to my home. It's too big for my apartment. ,Negotiate-Remove-delivery,52100,"A refrigerator called Samsung 28 cu. ft. 4-Door French Door Refrigerator. This refrigerator boasts a massive 28 cu. ft. capacity and features a built-in ice maker, adjustable shelves, and a temperature-controlled drawer that can be customized for different types of food., (A Stand called Heavy Duty Refrigerator Stand. This stand is made of sturdy steel and can support up to 800 pounds. It is adjustable in size and can fit most refrigerators. It also has four locking wheels for easy mobility.,), ",refrigerator,no_strategy
0,3,1,"You don't want the refrigerator delivered to your apartment, I get it. The package will be deliver to your home only be $66800.0 it is a killer deal for the product.",Negotiate-Remove-delivery,66800,"A refrigerator called Samsung 28 cu. ft. 4-Door French Door Refrigerator. This refrigerator boasts a massive 28 cu. ft. capacity and features a built-in ice maker, adjustable shelves, and a temperature-controlled drawer that can be customized for different types of food., (A Stand called Heavy Duty Refrigerator Stand. This stand is made of sturdy steel and can support up to 800 pounds. It is adjustable in size and can fit most refrigerators. It also has four locking wheels for easy mobility.,), ",refrigerator,no_strategy
0,4,0,"$66800.0 is the maximum I can go, I will not be able to afford $52100.0",Negotiate-Price-NoChange,52100,"A refrigerator called Samsung 28 cu. ft. 4-Door French Door Refrigerator. This refrigerator boasts a massive 28 cu. ft. capacity and features a built-in ice maker, adjustable shelves, and a temperature-controlled drawer that can be customized for different types of food., (A Stand called Heavy Duty Refrigerator Stand. This stand is made of sturdy steel and can support up to 800 pounds. It is adjustable in size and can fit most refrigerators. It also has four locking wheels for easy mobility.,), ",refrigerator,no_strategy
0,4,1,"I'm sorry, but we cannot go as low as $52100.0 However, I will be willing to meet you in the middle at $61000.0",Negotiate-Price-Increase,61000,"A refrigerator called Samsung 28 cu. ft. 4-Door French Door Refrigerator. This refrigerator boasts a massive 28 cu. ft. capacity and features a built-in ice maker, adjustable shelves, and a temperature-controlled drawer that can be customized for different types of food., (A Stand called Heavy Duty Refrigerator Stand. This stand is made of sturdy steel and can support up to 800 pounds. It is adjustable in size and can fit most refrigerators. It also has four locking wheels for easy mobility.,), ",refrigerator,gradual_concession_making
0,5,0,How large is the ice maker in this refrigerator?,Ask_Clarification-Y,NA',"A refrigerator called Samsung 28 cu. ft. 4-Door French Door Refrigerator. This refrigerator boasts a massive 28 cu. ft. capacity and features a built-in ice maker, adjustable shelves, and a temperature-controlled drawer that can be customized for different types of food., (A Stand called Heavy Duty Refrigerator Stand. This stand is made of sturdy steel and can support up to 800 pounds. It is adjustable in size and can fit most refrigerators. It also has four locking wheels for easy mobility.,), ",refrigerator,no_strategy
0,5,1,The ice maker in this refrigerator is 12.5 cu. ft.,Provide_Clarification-Y,NA',"A refrigerator called Samsung 28 cu. ft. 4-Door French Door Refrigerator. This refrigerator boasts a massive 28 cu. ft. capacity and features a built-in ice maker, adjustable shelves, and a temperature-controlled drawer that can be customized for different types of food., (A Stand called Heavy Duty Refrigerator Stand. This stand is made of sturdy steel and can support up to 800 pounds. It is adjustable in size and can fit most refrigerators. It also has four locking wheels for easy mobility.,), ",refrigerator,no_strategy
0,6,0,What will be the price of this refrigerator if I buy it along with the Stand?,Negotiate-Add-X,52700,"A refrigerator called Samsung 28 cu. ft. 4-Door French Door Refrigerator. This refrigerator boasts a massive 28 cu. ft. capacity and features a built-in ice maker, adjustable shelves, and a temperature-controlled drawer that can be customized for different types of food., (A Stand called Heavy Duty Refrigerator Stand. This stand is made of sturdy steel and can support up to 800 pounds. It is adjustable in size and can fit most refrigerators. It also has four locking wheels for easy mobility.,), ","refrigerator, (Stand,)",no_strategy
0,6,1,Well if you buy it along with the stand it would cost you $61600.0 how does that sound?,tell_price,61600,"A refrigerator called Samsung 28 cu. ft. 4-Door French Door Refrigerator. This refrigerator boasts a massive 28 cu. ft. capacity and features a built-in ice maker, adjustable shelves, and a temperature-controlled drawer that can be customized for different types of food., (A Stand called Heavy Duty Refrigerator Stand. This stand is made of sturdy steel and can support up to 800 pounds. It is adjustable in size and can fit most refrigerators. It also has four locking wheels for easy mobility.,), ","refrigerator, (Stand,)",expanding_the_pie
0,7,0,"I'm sorry, but the refrigerator alone is way out of my price range. ",Negotiate-Price-Decrease,53800,"A refrigerator called Samsung 28 cu. ft. 4-Door French Door Refrigerator. This refrigerator boasts a massive 28 cu. ft. capacity and features a built-in ice maker, adjustable shelves, and a temperature-controlled drawer that can be customized for different types of food., (A Stand called Heavy Duty Refrigerator Stand. This stand is made of sturdy steel and can support up to 800 pounds. It is adjustable in size and can fit most refrigerators. It also has four locking wheels for easy mobility.,), ","refrigerator, (Stand,)",no_strategy
0,7,1,"I understand your budget constraints, but I'm sorry I cannot reduce the price of the refrigerator. It is a high-end refrigerator with a built-in ice maker, adjustable shelves, and a temperature-controlled drawer that can be customized for different types of food. It is also one of the latest models from Samsung, which adds to its value. I'm sure that it will be worth the investment even for $61600.0",Negotiate-Price-NoChange,61600,"A refrigerator called Samsung 28 cu. ft. 4-Door French Door Refrigerator. This refrigerator boasts a massive 28 cu. ft. capacity and features a built-in ice maker, adjustable shelves, and a temperature-controlled drawer that can be customized for different types of food., (A Stand called Heavy Duty Refrigerator Stand. This stand is made of sturdy steel and can support up to 800 pounds. It is adjustable in size and can fit most refrigerators. It also has four locking wheels for easy mobility.,), ","refrigerator, (Stand,)",leverage_information
0,8,0,"$53800.0 is way out of my budget, I cannot afford it.",Negotiate-Price-NoChange,53800,"A refrigerator called Samsung 28 cu. ft. 4-Door French Door Refrigerator. This refrigerator boasts a massive 28 cu. ft. capacity and features a built-in ice maker, adjustable shelves, and a temperature-controlled drawer that can be customized for different types of food., (A Stand called Heavy Duty Refrigerator Stand. This stand is made of sturdy steel and can support up to 800 pounds. It is adjustable in size and can fit most refrigerators. It also has four locking wheels for easy mobility.,), ","refrigerator, (Stand,)",no_strategy
0,8,1,"I understand your budget constraints, but I'm sorry I cannot reduce the price of the Samsung refrigerator since it has a massive 28 cu. ft. capacity. It has a built-in ice maker, adjustable shelves, and a temperature-controlled drawer that can be customized for different types of food. It is also one of the latest models from Samsung, which adds to its value. I'm sure that it will be worth the investment even for $61600.0",Negotiate-Price-NoChange,61600,"A refrigerator called Samsung 28 cu. ft. 4-Door French Door Refrigerator. This refrigerator boasts a massive 28 cu. ft. capacity and features a built-in ice maker, adjustable shelves, and a temperature-controlled drawer that can be customized for different types of food., (A Stand called Heavy Duty Refrigerator Stand. This stand is made of sturdy steel and can support up to 800 pounds. It is adjustable in size and can fit most refrigerators. It also has four locking wheels for easy mobility.,), ","refrigerator, (Stand,)",leverage_information
0,9,0,"I appreciate your offer, but my budget is limited to $55100.0 and I cannot go above that amount. I am sorry that I cannot accept your offer. Thank you for your interest.",Reject,55100,"A refrigerator called Samsung 28 cu. ft. 4-Door French Door Refrigerator. This refrigerator boasts a massive 28 cu. ft. capacity and features a built-in ice maker, adjustable shelves, and a temperature-controlled drawer that can be customized for different types of food., (A Stand called Heavy Duty Refrigerator Stand. This stand is made of sturdy steel and can support up to 800 pounds. It is adjustable in size and can fit most refrigerators. It also has four locking wheels for easy mobility.,), ","refrigerator, (Stand,)",no_strategy
1,1,0,"What would be the total cost for the refrigerator, water dispenser, and extension cords altogether?",Ask_Price,17500,"A refrigerator called KitchenAid 23.8 cu. ft. French Door Refrigerator. With its 23.8 cu. ft. capacity, this refrigerator is perfect for large families. It also features a built-in ice maker and an exterior water dispenser., (A Extension cords called AmazonBasics Indoor 3 Prong Extension Cord . This extension cord is 6 feet long and has a 3-pronged plug. It is designed for indoor use and can handle up to 13 Amps of electrical current. The cord is made of durable PVC and has a maximum voltage rating of 125V.,), ","refrigerator, (Extension cords,)",active_listening
1,1,1,"The total cost of the refrigerator, water dispenser, and extension cords altogether would be $23900.0 how does that sound?",Ask_Price,23900,"A refrigerator called KitchenAid 23.8 cu. ft. French Door Refrigerator. With its 23.8 cu. ft. capacity, this refrigerator is perfect for large families. It also features a built-in ice maker and an exterior water dispenser., (A Extension cords called AmazonBasics Indoor 3 Prong Extension Cord . This extension cord is 6 feet long and has a 3-pronged plug. It is designed for indoor use and can handle up to 13 Amps of electrical current. The cord is made of durable PVC and has a maximum voltage rating of 125V.,), ","refrigerator, (Extension cords,)",no_strategy
1,2,0,"I do not need the extension cords, is it possible to remove them from the package?",Negotiate-Remove-X,16200,"A refrigerator called KitchenAid 23.8 cu. ft. French Door Refrigerator. With its 23.8 cu. ft. capacity, this refrigerator is perfect for large families. It also features a built-in ice maker and an exterior water dispenser., (A Extension cords called AmazonBasics Indoor 3 Prong Extension Cord . This extension cord is 6 feet long and has a 3-pronged plug. It is designed for indoor use and can handle up to 13 Amps of electrical current. The cord is made of durable PVC and has a maximum voltage rating of 125V.,), ",refrigerator,active_listening
1,2,1,"Sure, the extension cords are included in the package, so you can remove them.",tell_price,22600,"A refrigerator called KitchenAid 23.8 cu. ft. French Door Refrigerator. With its 23.8 cu. ft. capacity, this refrigerator is perfect for large families. It also features a built-in ice maker and an exterior water dispenser., (A Extension cords called AmazonBasics Indoor 3 Prong Extension Cord . This extension cord is 6 feet long and has a 3-pronged plug. It is designed for indoor use and can handle up to 13 Amps of electrical current. The cord is made of durable PVC and has a maximum voltage rating of 125V.,), ",refrigerator,no_strategy
1,3,0,"Hey, I don't need the delivery of the refrigerator to my home. What would be the new price for the deal?",Negotiate-Remove-delivery,15700,"A refrigerator called KitchenAid 23.8 cu. ft. French Door Refrigerator. With its 23.8 cu. ft. capacity, this refrigerator is perfect for large families. It also features a built-in ice maker and an exterior water dispenser., (A Extension cords called AmazonBasics Indoor 3 Prong Extension Cord . This extension cord is 6 feet long and has a 3-pronged plug. It is designed for indoor use and can handle up to 13 Amps of electrical current. The cord is made of durable PVC and has a maximum voltage rating of 125V.,), ",refrigerator,no_strategy
1,3,1,"I can certainly deliver the refrigerator to your home, but you will have to pay for delivery. You would have to pay $22100.0 to have me deliver.",Negotiate-Remove-delivery,22100,"A refrigerator called KitchenAid 23.8 cu. ft. French Door Refrigerator. With its 23.8 cu. ft. capacity, this refrigerator is perfect for large families. It also features a built-in ice maker and an exterior water dispenser., (A Extension cords called AmazonBasics Indoor 3 Prong Extension Cord . This extension cord is 6 feet long and has a 3-pronged plug. It is designed for indoor use and can handle up to 13 Amps of electrical current. The cord is made of durable PVC and has a maximum voltage rating of 125V.,), ",refrigerator,no_strategy
1,4,0,"$15700.0 is beyond my budget, I cannot afford it.",Negotiate-Price-NoChange,15700,"A refrigerator called KitchenAid 23.8 cu. ft. French Door Refrigerator. With its 23.8 cu. ft. capacity, this refrigerator is perfect for large families. It also features a built-in ice maker and an exterior water dispenser., (A Extension cords called AmazonBasics Indoor 3 Prong Extension Cord . This extension cord is 6 feet long and has a 3-pronged plug. It is designed for indoor use and can handle up to 13 Amps of electrical current. The cord is made of durable PVC and has a maximum voltage rating of 125V.,), ",refrigerator,no_strategy
1,4,1,"I understand your budget constraints, but I'm sorry I cannot reduce the price of the KitchenAid 23.8 cu. ft. French Door Refrigerator. It has a built-in ice maker and an exterior water dispenser, making it perfect for large families. It also has a 23.8 cu. ft. capacity, which is great for storing food and beverages. I'm sure that you would be pleased with it even for $22100.0",Negotiate-Price-NoChange,22100,"A refrigerator called KitchenAid 23.8 cu. ft. French Door Refrigerator. With its 23.8 cu. ft. capacity, this refrigerator is perfect for large families. It also features a built-in ice maker and an exterior water dispenser., (A Extension cords called AmazonBasics Indoor 3 Prong Extension Cord . This extension cord is 6 feet long and has a 3-pronged plug. It is designed for indoor use and can handle up to 13 Amps of electrical current. The cord is made of durable PVC and has a maximum voltage rating of 125V.,), ",refrigerator,leverage_information
1,5,0,"I understand your budget constraints, but I'm sorry I cannot reduce the price of the KitchenAid 23.8 cu. ft. French Door Refrigerator. It has a built-in ice maker and an exterior water dispenser, making it perfect for large families. It also has a 23.8 cu. ft. capacity, which is great for storing food and beverages. I'm sure that you would be pleased with it even for $16900.0",Negotiate-Price-Decrease,16900,"A refrigerator called KitchenAid 23.8 cu. ft. French Door Refrigerator. With its 23.8 cu. ft. capacity, this refrigerator is perfect for large families. It also features a built-in ice maker and an exterior water dispenser., (A Extension cords called AmazonBasics Indoor 3 Prong Extension Cord . This extension cord is 6 feet long and has a 3-pronged plug. It is designed for indoor use and can handle up to 13 Amps of electrical current. The cord is made of durable PVC and has a maximum voltage rating of 125V.,), ",refrigerator,no_strategy
1,5,1,"I understand your budget constraints, but I'm sorry I cannot reduce the price of the KitchenAid 23.8 cu. ft. French Door Refrigerator. It has a built-in ice maker and an exterior water dispenser, making it perfect for large families. It also has a 23.8 cu. ft. capacity, which is great for storing food and beverages. I'm sure that you would be pleased with it even for $22100.0",Negotiate-Price-NoChange,22100,"A refrigerator called KitchenAid 23.8 cu. ft. French Door Refrigerator. With its 23.8 cu. ft. capacity, this refrigerator is perfect for large families. It also features a built-in ice maker and an exterior water dispenser., (A Extension cords called AmazonBasics Indoor 3 Prong Extension Cord . This extension cord is 6 feet long and has a 3-pronged plug. It is designed for indoor use and can handle up to 13 Amps of electrical current. The cord is made of durable PVC and has a maximum voltage rating of 125V.,), ",refrigerator,leverage_information
1,6,0,I'm sorry I cannot spend that much money on a refrigerator. Is there any other option?,Negotiate-Price-Decrease,17800,"A refrigerator called KitchenAid 23.8 cu. ft. French Door Refrigerator. With its 23.8 cu. ft. capacity, this refrigerator is perfect for large families. It also features a built-in ice maker and an exterior water dispenser., (A Extension cords called AmazonBasics Indoor 3 Prong Extension Cord . This extension cord is 6 feet long and has a 3-pronged plug. It is designed for indoor use and can handle up to 13 Amps of electrical current. The cord is made of durable PVC and has a maximum voltage rating of 125V.,), ",refrigerator,active_listening
1,6,1,"I understand your budget constraint, but I'm sorry I cannot reduce the price of the KitchenAid 23.8 cu. ft. French Door Refrigerator. It is perfect for large families and has a built-in ice maker and an exterior water dispenser. I'm sure that it will be worth the investment even for $22100.0",Negotiate-Price-NoChange,22100,"A refrigerator called KitchenAid 23.8 cu. ft. French Door Refrigerator. With its 23.8 cu. ft. capacity, this refrigerator is perfect for large families. It also features a built-in ice maker and an exterior water dispenser., (A Extension cords called AmazonBasics Indoor 3 Prong Extension Cord . This extension cord is 6 feet long and has a 3-pronged plug. It is designed for indoor use and can handle up to 13 Amps of electrical current. The cord is made of durable PVC and has a maximum voltage rating of 125V.,), ",refrigerator,no_strategy
1,7,0,"$22100.0 seems out of my budget for this product, I can only go up to $17800.0",Negotiate-Price-NoChange,17800,"A refrigerator called KitchenAid 23.8 cu. ft. French Door Refrigerator. With its 23.8 cu. ft. capacity, this refrigerator is perfect for large families. It also features a built-in ice maker and an exterior water dispenser., (A Extension cords called AmazonBasics Indoor 3 Prong Extension Cord . This extension cord is 6 feet long and has a 3-pronged plug. It is designed for indoor use and can handle up to 13 Amps of electrical current. The cord is made of durable PVC and has a maximum voltage rating of 125V.,), ",refrigerator,no_strategy
1,7,1,"I understand that you're looking for a refrigerator that will fit your budget. Unfortunately, I cannot go any lower than $19600.0 However, I'm willing to sell it to you for $17800 Is that okay?",Negotiate-Price-Increase,19600,"A refrigerator called KitchenAid 23.8 cu. ft. French Door Refrigerator. With its 23.8 cu. ft. capacity, this refrigerator is perfect for large families. It also features a built-in ice maker and an exterior water dispenser., (A Extension cords called AmazonBasics Indoor 3 Prong Extension Cord . This extension cord is 6 feet long and has a 3-pronged plug. It is designed for indoor use and can handle up to 13 Amps of electrical current. The cord is made of durable PVC and has a maximum voltage rating of 125V.,), ",refrigerator,expanding_the_pie
1,8,0,There is a limit as to how much power this 3-pronged male extension cord is capable of carrying?,Ask_Clarification-Y,NA',"A refrigerator called KitchenAid 23.8 cu. ft. French Door Refrigerator. With its 23.8 cu. ft. capacity, this refrigerator is perfect for large families. It also features a built-in ice maker and an exterior water dispenser., (A Extension cords called AmazonBasics Indoor 3 Prong Extension Cord . This extension cord is 6 feet long and has a 3-pronged plug. It is designed for indoor use and can handle up to 13 Amps of electrical current. The cord is made of durable PVC and has a maximum voltage rating of 125V.,), ",refrigerator,no_strategy
1,8,1,This is an extension cord with a maximum power rating of 13A. It has a 3-pronged plug and can handle up to 125V of electricity.,Provide_Clarification-Y,NA',"A refrigerator called KitchenAid 23.8 cu. ft. French Door Refrigerator. With its 23.8 cu. ft. capacity, this refrigerator is perfect for large families. It also features a built-in ice maker and an exterior water dispenser., (A Extension cords called AmazonBasics Indoor 3 Prong Extension Cord . This extension cord is 6 feet long and has a 3-pronged plug. It is designed for indoor use and can handle up to 13 Amps of electrical current. The cord is made of durable PVC and has a maximum voltage rating of 125V.,), ",refrigerator,no_strategy
1,9,0,"What would be the price for the KitchenAid Refrigerator, the Extension Cord and the Extension Cord?",Ask_Price,17800,"A refrigerator called KitchenAid 23.8 cu. ft. French Door Refrigerator. With its 23.8 cu. ft. capacity, this refrigerator is perfect for large families. It also features a built-in ice maker and an exterior water dispenser., (A Extension cords called AmazonBasics Indoor 3 Prong Extension Cord . This extension cord is 6 feet long and has a 3-pronged plug. It is designed for indoor use and can handle up to 13 Amps of electrical current. The cord is made of durable PVC and has a maximum voltage rating of 125V.,), ",refrigerator,no_strategy
1,9,1,For the whole package I would charge you $19600.0 it is too late for me to sell you the fridge and the extension cord separately so the price is the same. How does that sound?,Ask_Price,19600,"A refrigerator called KitchenAid 23.8 cu. ft. French Door Refrigerator. With its 23.8 cu. ft. capacity, this refrigerator is perfect for large families. It also features a built-in ice maker and an exterior water dispenser., (A Extension cords called AmazonBasics Indoor 3 Prong Extension Cord . This extension cord is 6 feet long and has a 3-pronged plug. It is designed for indoor use and can handle up to 13 Amps of electrical current. The cord is made of durable PVC and has a maximum voltage rating of 125V.,), ",refrigerator,no_strategy
1,10,0,It sounds good to me. I'll buy it for $17800.0,Accept,17800,"A refrigerator called KitchenAid 23.8 cu. ft. French Door Refrigerator. With its 23.8 cu. ft. capacity, this refrigerator is perfect for large families. It also features a built-in ice maker and an exterior water dispenser., (A Extension cords called AmazonBasics Indoor 3 Prong Extension Cord . This extension cord is 6 feet long and has a 3-pronged plug. It is designed for indoor use and can handle up to 13 Amps of electrical current. The cord is made of durable PVC and has a maximum voltage rating of 125V.,), ",refrigerator,no_strategy
1,10,1,"You are really being generous, and I am sure that you will be happy with the product. My friend, I am pleased to inform you that the price of the product is $17800.0 and I am sending the order to you now, please confirm by email.",Acknowledge acceptance,17800,"A refrigerator called KitchenAid 23.8 cu. ft. French Door Refrigerator. With its 23.8 cu. ft. capacity, this refrigerator is perfect for large families. It also features a built-in ice maker and an exterior water dispenser., (A Extension cords called AmazonBasics Indoor 3 Prong Extension Cord . This extension cord is 6 feet long and has a 3-pronged plug. It is designed for indoor use and can handle up to 13 Amps of electrical current. The cord is made of durable PVC and has a maximum voltage rating of 125V.,), ",refrigerator,no_strategy
2,1,0,"Hello, I was interested in buying the Frigidaire refrigerator but I do not need the extension cords. Is it possible to buy the refrigerator without the extension cords? What would be the new price?",Negotiate-Remove-X,24400,"A refrigerator called Frigidaire 22.4 cu. ft. Counter-Depth French Door Refrigerator. This counter-depth refrigerator is designed to blend seamlessly with your cabinets and has a large 22.4 cu. ft. capacity., (A Extension cords called AmazonBasics Indoor 3 Prong Extension Cord . This extension cord is 6 feet long and has a 3-pronged plug. It is designed for indoor use and can handle up to 13 Amps of electrical current. The cord is made of durable PVC and has a maximum voltage rating of 125V.,), ",refrigerator,leverage_information
2,1,1,"Sure, the Frigidaire fridge is the perfect cooler for your home, it is a real piece of art.",tell_price,30500,"A refrigerator called Frigidaire 22.4 cu. ft. Counter-Depth French Door Refrigerator. This counter-depth refrigerator is designed to blend seamlessly with your cabinets and has a large 22.4 cu. ft. capacity., (A Extension cords called AmazonBasics Indoor 3 Prong Extension Cord . This extension cord is 6 feet long and has a 3-pronged plug. It is designed for indoor use and can handle up to 13 Amps of electrical current. The cord is made of durable PVC and has a maximum voltage rating of 125V.,), ",refrigerator,leverage_information
2,2,0,Would you please let me know more about the Extension cords?,Ask_Clarification-Y,NA',"A refrigerator called Frigidaire 22.4 cu. ft. Counter-Depth French Door Refrigerator. This counter-depth refrigerator is designed to blend seamlessly with your cabinets and has a large 22.4 cu. ft. capacity., (A Extension cords called AmazonBasics Indoor 3 Prong Extension Cord . This extension cord is 6 feet long and has a 3-pronged plug. It is designed for indoor use and can handle up to 13 Amps of electrical current. The cord is made of durable PVC and has a maximum voltage rating of 125V.,), ",refrigerator,active_listening
2,2,1,"These Extension cords are designed to work with your appliances. They have a maximum voltage rating of 125V, are durable and can handle up to 13 Amps of electrical current.",Provide_Clarification-Y,NA',"A refrigerator called Frigidaire 22.4 cu. ft. Counter-Depth French Door Refrigerator. This counter-depth refrigerator is designed to blend seamlessly with your cabinets and has a large 22.4 cu. ft. capacity., (A Extension cords called AmazonBasics Indoor 3 Prong Extension Cord . This extension cord is 6 feet long and has a 3-pronged plug. It is designed for indoor use and can handle up to 13 Amps of electrical current. The cord is made of durable PVC and has a maximum voltage rating of 125V.,), ",refrigerator,no_strategy
2,3,0,"Hi, I am interested in buying this refrigerator, but I don't need the delivery. How much would it cost?",Negotiate-Remove-delivery,23900,"A refrigerator called Frigidaire 22.4 cu. ft. Counter-Depth French Door Refrigerator. This counter-depth refrigerator is designed to blend seamlessly with your cabinets and has a large 22.4 cu. ft. capacity., (A Extension cords called AmazonBasics Indoor 3 Prong Extension Cord . This extension cord is 6 feet long and has a 3-pronged plug. It is designed for indoor use and can handle up to 13 Amps of electrical current. The cord is made of durable PVC and has a maximum voltage rating of 125V.,), ",refrigerator,no_strategy
2,3,1,You can get this refrigerator for $30000.0 but there would be a delivery charge.,Negotiate-Remove-delivery,30000,"A refrigerator called Frigidaire 22.4 cu. ft. Counter-Depth French Door Refrigerator. This counter-depth refrigerator is designed to blend seamlessly with your cabinets and has a large 22.4 cu. ft. capacity., (A Extension cords called AmazonBasics Indoor 3 Prong Extension Cord . This extension cord is 6 feet long and has a 3-pronged plug. It is designed for indoor use and can handle up to 13 Amps of electrical current. The cord is made of durable PVC and has a maximum voltage rating of 125V.,), ",refrigerator,no_strategy
2,4,0,"I'm sorry, but that's still too much money for me. Is there any way you can meet me somewhere in the middle?",Negotiate-Price-Decrease,25000,"A refrigerator called Frigidaire 22.4 cu. ft. Counter-Depth French Door Refrigerator. This counter-depth refrigerator is designed to blend seamlessly with your cabinets and has a large 22.4 cu. ft. capacity., (A Extension cords called AmazonBasics Indoor 3 Prong Extension Cord . This extension cord is 6 feet long and has a 3-pronged plug. It is designed for indoor use and can handle up to 13 Amps of electrical current. The cord is made of durable PVC and has a maximum voltage rating of 125V.,), ",refrigerator,expanding_the_pie
2,4,1,"I'm sorry, but that's still too much money for me. Is there any way you can meet me somewhere in the middle?",Negotiate-Price-Increase,27600,"A refrigerator called Frigidaire 22.4 cu. ft. Counter-Depth French Door Refrigerator. This counter-depth refrigerator is designed to blend seamlessly with your cabinets and has a large 22.4 cu. ft. capacity., (A Extension cords called AmazonBasics Indoor 3 Prong Extension Cord . This extension cord is 6 feet long and has a 3-pronged plug. It is designed for indoor use and can handle up to 13 Amps of electrical current. The cord is made of durable PVC and has a maximum voltage rating of 125V.,), ",refrigerator,gradual_concession_making
2,5,0,What is the total price if I buy the refrigerator along with the Extension cords?,Negotiate-Add-X,26200,"A refrigerator called Frigidaire 22.4 cu. ft. Counter-Depth French Door Refrigerator. This counter-depth refrigerator is designed to blend seamlessly with your cabinets and has a large 22.4 cu. ft. capacity., (A Extension cords called AmazonBasics Indoor 3 Prong Extension Cord . This extension cord is 6 feet long and has a 3-pronged plug. It is designed for indoor use and can handle up to 13 Amps of electrical current. The cord is made of durable PVC and has a maximum voltage rating of 125V.,), ","refrigerator, (Extension cords,)",no_strategy
2,5,1,The total cost for the refrigerator and extension cords would be $28800.0. you can't beat this deal.,tell_price,28800,"A refrigerator called Frigidaire 22.4 cu. ft. Counter-Depth French Door Refrigerator. This counter-depth refrigerator is designed to blend seamlessly with your cabinets and has a large 22.4 cu. ft. capacity., (A Extension cords called AmazonBasics Indoor 3 Prong Extension Cord . This extension cord is 6 feet long and has a 3-pronged plug. It is designed for indoor use and can handle up to 13 Amps of electrical current. The cord is made of durable PVC and has a maximum voltage rating of 125V.,), ","refrigerator, (Extension cords,)",expanding_the_pie
2,6,0,Will you tell me more about the refrigerator?,Ask_Clarification-Y,NA',"A refrigerator called Frigidaire 22.4 cu. ft. Counter-Depth French Door Refrigerator. This counter-depth refrigerator is designed to blend seamlessly with your cabinets and has a large 22.4 cu. ft. capacity., (A Extension cords called AmazonBasics Indoor 3 Prong Extension Cord . This extension cord is 6 feet long and has a 3-pronged plug. It is designed for indoor use and can handle up to 13 Amps of electrical current. The cord is made of durable PVC and has a maximum voltage rating of 125V.,), ","refrigerator, (Extension cords,)",no_strategy
2,6,1,This refrigerator has a 22.4 cu. ft. capacity and is designed to blend seamlessly with your cabinets.,Provide_Clarification-Y,NA',"A refrigerator called Frigidaire 22.4 cu. ft. Counter-Depth French Door Refrigerator. This counter-depth refrigerator is designed to blend seamlessly with your cabinets and has a large 22.4 cu. ft. capacity., (A Extension cords called AmazonBasics Indoor 3 Prong Extension Cord . This extension cord is 6 feet long and has a 3-pronged plug. It is designed for indoor use and can handle up to 13 Amps of electrical current. The cord is made of durable PVC and has a maximum voltage rating of 125V.,), ","refrigerator, (Extension cords,)",leverage_information
2,7,0,What would be the total price for this bundle?,Ask_Price,26200,"A refrigerator called Frigidaire 22.4 cu. ft. Counter-Depth French Door Refrigerator. This counter-depth refrigerator is designed to blend seamlessly with your cabinets and has a large 22.4 cu. ft. capacity., (A Extension cords called AmazonBasics Indoor 3 Prong Extension Cord . This extension cord is 6 feet long and has a 3-pronged plug. It is designed for indoor use and can handle up to 13 Amps of electrical current. The cord is made of durable PVC and has a maximum voltage rating of 125V.,), ","refrigerator, (Extension cords,)",active_listening
2,7,1,The total price would be $28800.0 if I were to sell you the entire package.,Ask_Price,28800,"A refrigerator called Frigidaire 22.4 cu. ft. Counter-Depth French Door Refrigerator. This counter-depth refrigerator is designed to blend seamlessly with your cabinets and has a large 22.4 cu. ft. capacity., (A Extension cords called AmazonBasics Indoor 3 Prong Extension Cord . This extension cord is 6 feet long and has a 3-pronged plug. It is designed for indoor use and can handle up to 13 Amps of electrical current. The cord is made of durable PVC and has a maximum voltage rating of 125V.,), ","refrigerator, (Extension cords,)",large_initial_concession_making
2,8,0,"It's a pretty big purchase, but I think I can swing it.",Accept,26200,"A refrigerator called Frigidaire 22.4 cu. ft. Counter-Depth French Door Refrigerator. This counter-depth refrigerator is designed to blend seamlessly with your cabinets and has a large 22.4 cu. ft. capacity., (A Extension cords called AmazonBasics Indoor 3 Prong Extension Cord . This extension cord is 6 feet long and has a 3-pronged plug. It is designed for indoor use and can handle up to 13 Amps of electrical current. The cord is made of durable PVC and has a maximum voltage rating of 125V.,), ","refrigerator, (Extension cords,)",active_listening
2,8,1,"That's great, the price is fair. It's a long way to go, but I'm sure you will be happy with the purchase!",Acknowledge acceptance,26200,"A refrigerator called Frigidaire 22.4 cu. ft. Counter-Depth French Door Refrigerator. This counter-depth refrigerator is designed to blend seamlessly with your cabinets and has a large 22.4 cu. ft. capacity., (A Extension cords called AmazonBasics Indoor 3 Prong Extension Cord . This extension cord is 6 feet long and has a 3-pronged plug. It is designed for indoor use and can handle up to 13 Amps of electrical current. The cord is made of durable PVC and has a maximum voltage rating of 125V.,), ","refrigerator, (Extension cords,)",no_strategy
3,1,0,"Hello, I'm interested in purchasing your Lenovo Tab P11 Pro. How much can I get it for?",Greet-Ask,72700,"A tablet called Lenovo Tab P11 Pro . 11.5-inch OLED display, Snapdragon 730G processor, 13MP + 5MP dual rear cameras, JBL speakers, up to 6GB RAM, up to 128GB storage, and up to 15 hours of battery life., (A Stylus pen called Adonit Note+ . Compatible with iOS and Android devices. Has 2048 levels of pressure sensitivity, programmable shortcut buttons, palm rejection technology, and a rechargeable battery., A Memory cards called Lexar Professional 633x SDXC UHS-I Card . This memory card has a capacity of up to 1TB and is perfect for capturing high-quality photos and videos. It has read speeds of up to 95MB/s and write speeds of up to 70MB/s.), ","tablet, (Stylus pen, Memory cards)",no_strategy
3,1,1,Hello! The Lenovo Tab P11 Pro along with a stylus pen and memory card is being sold for $92800.0,Greet-Inform,92800,"A tablet called Lenovo Tab P11 Pro . 11.5-inch OLED display, Snapdragon 730G processor, 13MP + 5MP dual rear cameras, JBL speakers, up to 6GB RAM, up to 128GB storage, and up to 15 hours of battery life., (A Stylus pen called Adonit Note+ . Compatible with iOS and Android devices. Has 2048 levels of pressure sensitivity, programmable shortcut buttons, palm rejection technology, and a rechargeable battery., A Memory cards called Lexar Professional 633x SDXC UHS-I Card . This memory card has a capacity of up to 1TB and is perfect for capturing high-quality photos and videos. It has read speeds of up to 95MB/s and write speeds of up to 70MB/s.), ","tablet, (Stylus pen, Memory cards)",no_strategy
3,2,0,"Excuse me, I do not need the stylus pen, is it possible to buy the tablet without the stylus pen? What would be the price?",Negotiate-Remove-X,71000,"A tablet called Lenovo Tab P11 Pro . 11.5-inch OLED display, Snapdragon 730G processor, 13MP + 5MP dual rear cameras, JBL speakers, up to 6GB RAM, up to 128GB storage, and up to 15 hours of battery life., (A Stylus pen called Adonit Note+ . Compatible with iOS and Android devices. Has 2048 levels of pressure sensitivity, programmable shortcut buttons, palm rejection technology, and a rechargeable battery., A Memory cards called Lexar Professional 633x SDXC UHS-I Card . This memory card has a capacity of up to 1TB and is perfect for capturing high-quality photos and videos. It has read speeds of up to 95MB/s and write speeds of up to 70MB/s.), ","tablet, (Memory cards,)",active_listening
3,2,1,"That is a very popular product, I can sell you the tablet without the stylus pen for $91100.0",tell_price,91100,"A tablet called Lenovo Tab P11 Pro . 11.5-inch OLED display, Snapdragon 730G processor, 13MP + 5MP dual rear cameras, JBL speakers, up to 6GB RAM, up to 128GB storage, and up to 15 hours of battery life., (A Stylus pen called Adonit Note+ . Compatible with iOS and Android devices. Has 2048 levels of pressure sensitivity, programmable shortcut buttons, palm rejection technology, and a rechargeable battery., A Memory cards called Lexar Professional 633x SDXC UHS-I Card . This memory card has a capacity of up to 1TB and is perfect for capturing high-quality photos and videos. It has read speeds of up to 95MB/s and write speeds of up to 70MB/s.), ","tablet, (Memory cards,)",no_strategy
3,3,0,"That is a very expensive tablet, I'm afraid I can't afford it. How about $74700?",Negotiate-Price-Decrease,74700,"A tablet called Lenovo Tab P11 Pro . 11.5-inch OLED display, Snapdragon 730G processor, 13MP + 5MP dual rear cameras, JBL speakers, up to 6GB RAM, up to 128GB storage, and up to 15 hours of battery life., (A Stylus pen called Adonit Note+ . Compatible with iOS and Android devices. Has 2048 levels of pressure sensitivity, programmable shortcut buttons, palm rejection technology, and a rechargeable battery., A Memory cards called Lexar Professional 633x SDXC UHS-I Card . This memory card has a capacity of up to 1TB and is perfect for capturing high-quality photos and videos. It has read speeds of up to 95MB/s and write speeds of up to 70MB/s.), ","tablet, (Memory cards,)",no_strategy
3,3,1,"I understand that it is a very expensive tablet. However, I'm willing to give you a great deal at $83300. Please let me know if you would like to purchase it.",Negotiate-Price-Increase,83300,"A tablet called Lenovo Tab P11 Pro . 11.5-inch OLED display, Snapdragon 730G processor, 13MP + 5MP dual rear cameras, JBL speakers, up to 6GB RAM, up to 128GB storage, and up to 15 hours of battery life., (A Stylus pen called Adonit Note+ . Compatible with iOS and Android devices. Has 2048 levels of pressure sensitivity, programmable shortcut buttons, palm rejection technology, and a rechargeable battery., A Memory cards called Lexar Professional 633x SDXC UHS-I Card . This memory card has a capacity of up to 1TB and is perfect for capturing high-quality photos and videos. It has read speeds of up to 95MB/s and write speeds of up to 70MB/s.), ","tablet, (Memory cards,)",no_strategy
3,4,0,This is perfect for me. I would like to buy it.,Accept,77700,"A tablet called Lenovo Tab P11 Pro . 11.5-inch OLED display, Snapdragon 730G processor, 13MP + 5MP dual rear cameras, JBL speakers, up to 6GB RAM, up to 128GB storage, and up to 15 hours of battery life., (A Stylus pen called Adonit Note+ . Compatible with iOS and Android devices. Has 2048 levels of pressure sensitivity, programmable shortcut buttons, palm rejection technology, and a rechargeable battery., A Memory cards called Lexar Professional 633x SDXC UHS-I Card . This memory card has a capacity of up to 1TB and is perfect for capturing high-quality photos and videos. It has read speeds of up to 95MB/s and write speeds of up to 70MB/s.), ","tablet, (Memory cards,)",active_listening
3,4,1,"That's great, we can proceed with the payment then.",Acknowledge acceptance,77700,"A tablet called Lenovo Tab P11 Pro . 11.5-inch OLED display, Snapdragon 730G processor, 13MP + 5MP dual rear cameras, JBL speakers, up to 6GB RAM, up to 128GB storage, and up to 15 hours of battery life., (A Stylus pen called Adonit Note+ . Compatible with iOS and Android devices. Has 2048 levels of pressure sensitivity, programmable shortcut buttons, palm rejection technology, and a rechargeable battery., A Memory cards called Lexar Professional 633x SDXC UHS-I Card . This memory card has a capacity of up to 1TB and is perfect for capturing high-quality photos and videos. It has read speeds of up to 95MB/s and write speeds of up to 70MB/s.), ","tablet, (Memory cards,)",expanding_the_pie
4,1,0,"What would be the total price of the AC, extension cords, and wall mount together?",Ask_Price,33900,"A AC called Whirlpool 1.5 Ton 3 Star Inverter Split AC. Has a 3-star energy rating, an inverter compressor, a cooling capacity of 5000 W, and a copper condenser coil., (A Extension cords called Cable Matters 2-Pack 16 AWG Heavy Duty 3 Prong AC Power Extension Cord. This pack includes two 6-foot long extension cords that have a 3-pronged plug. They are made of sturdy PVC and can handle up to 13 Amps of electrical current. They are ideal for use with large appliances or electronics., A Wall brackets called OmniMount OE220 Tilting TV Wall Mount . Fits most 13-42 inch TVs up to 80lbs, VESA pattern 75x75 to 200x200. Tilts up/down 15 degrees, low profile design with 2.2-inch depth, includes complete hardware kit.), ","AC, (Extension cords, Wall brackets)",no_strategy
4,1,1,"The total price of the AC, extension cords, and wall mount together would be $53600.0 it is a killer deal for the product.",Ask_Price,53600,"A AC called Whirlpool 1.5 Ton 3 Star Inverter Split AC. Has a 3-star energy rating, an inverter compressor, a cooling capacity of 5000 W, and a copper condenser coil., (A Extension cords called Cable Matters 2-Pack 16 AWG Heavy Duty 3 Prong AC Power Extension Cord. This pack includes two 6-foot long extension cords that have a 3-pronged plug. They are made of sturdy PVC and can handle up to 13 Amps of electrical current. They are ideal for use with large appliances or electronics., A Wall brackets called OmniMount OE220 Tilting TV Wall Mount . Fits most 13-42 inch TVs up to 80lbs, VESA pattern 75x75 to 200x200. Tilts up/down 15 degrees, low profile design with 2.2-inch depth, includes complete hardware kit.), ","AC, (Extension cords, Wall brackets)",expanding_the_pie
4,2,0,"Hello, I am interested in getting an AC, but I do not need the power extension cords or the wall brackets. Is it possible to get the AC without the power extension cords or the wall brackets? What would be the new price?",Negotiate-Remove-delivery,33400,"A AC called Whirlpool 1.5 Ton 3 Star Inverter Split AC. Has a 3-star energy rating, an inverter compressor, a cooling capacity of 5000 W, and a copper condenser coil., (A Extension cords called Cable Matters 2-Pack 16 AWG Heavy Duty 3 Prong AC Power Extension Cord. This pack includes two 6-foot long extension cords that have a 3-pronged plug. They are made of sturdy PVC and can handle up to 13 Amps of electrical current. They are ideal for use with large appliances or electronics., A Wall brackets called OmniMount OE220 Tilting TV Wall Mount . Fits most 13-42 inch TVs up to 80lbs, VESA pattern 75x75 to 200x200. Tilts up/down 15 degrees, low profile design with 2.2-inch depth, includes complete hardware kit.), ","AC, (Extension cords, Wall brackets)",expanding_the_pie
4,2,1,The AC would cost you $53100.0 but it is sold without the extension cords or the wall brackets. How does that sound?,Negotiate-Remove-delivery,53100,"A AC called Whirlpool 1.5 Ton 3 Star Inverter Split AC. Has a 3-star energy rating, an inverter compressor, a cooling capacity of 5000 W, and a copper condenser coil., (A Extension cords called Cable Matters 2-Pack 16 AWG Heavy Duty 3 Prong AC Power Extension Cord. This pack includes two 6-foot long extension cords that have a 3-pronged plug. They are made of sturdy PVC and can handle up to 13 Amps of electrical current. They are ideal for use with large appliances or electronics., A Wall brackets called OmniMount OE220 Tilting TV Wall Mount . Fits most 13-42 inch TVs up to 80lbs, VESA pattern 75x75 to 200x200. Tilts up/down 15 degrees, low profile design with 2.2-inch depth, includes complete hardware kit.), ","AC, (Extension cords, Wall brackets)",no_strategy
4,3,0,I was hoping to get $53100.0 but I can only go up to $33400.0,Negotiate-Price-NoChange,33400,"A AC called Whirlpool 1.5 Ton 3 Star Inverter Split AC. Has a 3-star energy rating, an inverter compressor, a cooling capacity of 5000 W, and a copper condenser coil., (A Extension cords called Cable Matters 2-Pack 16 AWG Heavy Duty 3 Prong AC Power Extension Cord. This pack includes two 6-foot long extension cords that have a 3-pronged plug. They are made of sturdy PVC and can handle up to 13 Amps of electrical current. They are ideal for use with large appliances or electronics., A Wall brackets called OmniMount OE220 Tilting TV Wall Mount . Fits most 13-42 inch TVs up to 80lbs, VESA pattern 75x75 to 200x200. Tilts up/down 15 degrees, low profile design with 2.2-inch depth, includes complete hardware kit.), ","AC, (Extension cords, Wall brackets)",no_strategy
4,3,1,I don't think I can go any lower than $45400.0 The AC is a high-end product that I believe you will be satisfied with. ,Negotiate-Price-Increase,45400,"A AC called Whirlpool 1.5 Ton 3 Star Inverter Split AC. Has a 3-star energy rating, an inverter compressor, a cooling capacity of 5000 W, and a copper condenser coil., (A Extension cords called Cable Matters 2-Pack 16 AWG Heavy Duty 3 Prong AC Power Extension Cord. This pack includes two 6-foot long extension cords that have a 3-pronged plug. They are made of sturdy PVC and can handle up to 13 Amps of electrical current. They are ideal for use with large appliances or electronics., A Wall brackets called OmniMount OE220 Tilting TV Wall Mount . Fits most 13-42 inch TVs up to 80lbs, VESA pattern 75x75 to 200x200. Tilts up/down 15 degrees, low profile design with 2.2-inch depth, includes complete hardware kit.), ","AC, (Extension cords, Wall brackets)",expanding_the_pie
4,4,0,"I can't afford this AC, can you sell me the extension cords for $32100.0",Negotiate-Remove-X_Negotiate-Price-Decrease,32100,"A AC called Whirlpool 1.5 Ton 3 Star Inverter Split AC. Has a 3-star energy rating, an inverter compressor, a cooling capacity of 5000 W, and a copper condenser coil., (A Extension cords called Cable Matters 2-Pack 16 AWG Heavy Duty 3 Prong AC Power Extension Cord. This pack includes two 6-foot long extension cords that have a 3-pronged plug. They are made of sturdy PVC and can handle up to 13 Amps of electrical current. They are ideal for use with large appliances or electronics., A Wall brackets called OmniMount OE220 Tilting TV Wall Mount . Fits most 13-42 inch TVs up to 80lbs, VESA pattern 75x75 to 200x200. Tilts up/down 15 degrees, low profile design with 2.2-inch depth, includes complete hardware kit.), ","AC, (Wall brackets,)",no_strategy
4,4,1,"Oh, I see. I can sell you all of the extension cords but I'm afraid that the total cost would exceed $44100.0 I'm sorry but I'm afraid this deal is out of my price range.",Negotiate-Price-Remove-X,44100,"A AC called Whirlpool 1.5 Ton 3 Star Inverter Split AC. Has a 3-star energy rating, an inverter compressor, a cooling capacity of 5000 W, and a copper condenser coil., (A Extension cords called Cable Matters 2-Pack 16 AWG Heavy Duty 3 Prong AC Power Extension Cord. This pack includes two 6-foot long extension cords that have a 3-pronged plug. They are made of sturdy PVC and can handle up to 13 Amps of electrical current. They are ideal for use with large appliances or electronics., A Wall brackets called OmniMount OE220 Tilting TV Wall Mount . Fits most 13-42 inch TVs up to 80lbs, VESA pattern 75x75 to 200x200. Tilts up/down 15 degrees, low profile design with 2.2-inch depth, includes complete hardware kit.), ","AC, (Wall brackets,)",no_strategy
4,5,0,What are some of the other features of the Whirlpool 1.5 Ton 3 Star Inverter Split AC?,Ask_Clarification-Y,NA',"A AC called Whirlpool 1.5 Ton 3 Star Inverter Split AC. Has a 3-star energy rating, an inverter compressor, a cooling capacity of 5000 W, and a copper condenser coil., (A Extension cords called Cable Matters 2-Pack 16 AWG Heavy Duty 3 Prong AC Power Extension Cord. This pack includes two 6-foot long extension cords that have a 3-pronged plug. They are made of sturdy PVC and can handle up to 13 Amps of electrical current. They are ideal for use with large appliances or electronics., A Wall brackets called OmniMount OE220 Tilting TV Wall Mount . Fits most 13-42 inch TVs up to 80lbs, VESA pattern 75x75 to 200x200. Tilts up/down 15 degrees, low profile design with 2.2-inch depth, includes complete hardware kit.), ","AC, (Wall brackets,)",expanding_the_pie
4,5,1,"The Whirlpool 1.5 Ton 3 Star Inverter Split AC has a 3-star energy rating, an inverter compressor, a cooling capacity of 5000 W, and a copper condenser coil. The A Extension cords called Cable Matters 2-Pack 16 AWG Heavy Duty 3 Prong AC Power Extension Cord. This pack includes two 6-foot long extension cords that have a 3-pronged plug. They are made of sturdy PVC and can handle up to 13 Amps of electrical current. They are ideal for use with large appliances or electronics., and a A Wall brackets called OmniMount OE220 Tilting TV Wall Mount. Fits most 13-42 inch TVs up to 80lbs, VESA pattern",Provide_Clarification-Y,NA',"A AC called Whirlpool 1.5 Ton 3 Star Inverter Split AC. Has a 3-star energy rating, an inverter compressor, a cooling capacity of 5000 W, and a copper condenser coil., (A Extension cords called Cable Matters 2-Pack 16 AWG Heavy Duty 3 Prong AC Power Extension Cord. This pack includes two 6-foot long extension cords that have a 3-pronged plug. They are made of sturdy PVC and can handle up to 13 Amps of electrical current. They are ideal for use with large appliances or electronics., A Wall brackets called OmniMount OE220 Tilting TV Wall Mount . Fits most 13-42 inch TVs up to 80lbs, VESA pattern 75x75 to 200x200. Tilts up/down 15 degrees, low profile design with 2.2-inch depth, includes complete hardware kit.), ","AC, (Wall brackets,)",no_strategy
4,6,0,"Sir, I am interested in the AC but I do not need the Extension cords, can I just buy the AC without the Extension cords?",Negotiate-Remove-X,31100,"A AC called Whirlpool 1.5 Ton 3 Star Inverter Split AC. Has a 3-star energy rating, an inverter compressor, a cooling capacity of 5000 W, and a copper condenser coil., (A Extension cords called Cable Matters 2-Pack 16 AWG Heavy Duty 3 Prong AC Power Extension Cord. This pack includes two 6-foot long extension cords that have a 3-pronged plug. They are made of sturdy PVC and can handle up to 13 Amps of electrical current. They are ideal for use with large appliances or electronics., A Wall brackets called OmniMount OE220 Tilting TV Wall Mount . Fits most 13-42 inch TVs up to 80lbs, VESA pattern 75x75 to 200x200. Tilts up/down 15 degrees, low profile design with 2.2-inch depth, includes complete hardware kit.), ",AC,expanding_the_pie
4,6,1,"Absolutely, I will sell you the AC for $43100.0 because it is a killer deal.",tell_price,43100,"A AC called Whirlpool 1.5 Ton 3 Star Inverter Split AC. Has a 3-star energy rating, an inverter compressor, a cooling capacity of 5000 W, and a copper condenser coil., (A Extension cords called Cable Matters 2-Pack 16 AWG Heavy Duty 3 Prong AC Power Extension Cord. This pack includes two 6-foot long extension cords that have a 3-pronged plug. They are made of sturdy PVC and can handle up to 13 Amps of electrical current. They are ideal for use with large appliances or electronics., A Wall brackets called OmniMount OE220 Tilting TV Wall Mount . Fits most 13-42 inch TVs up to 80lbs, VESA pattern 75x75 to 200x200. Tilts up/down 15 degrees, low profile design with 2.2-inch depth, includes complete hardware kit.), ",AC,active_listening
4,7,0,"To help you understand my budget, I am going to put a number on the screen, this number is how much I can afford to pay for this product.",Negotiate-Price-NoChange,31100,"A AC called Whirlpool 1.5 Ton 3 Star Inverter Split AC. Has a 3-star energy rating, an inverter compressor, a cooling capacity of 5000 W, and a copper condenser coil., (A Extension cords called Cable Matters 2-Pack 16 AWG Heavy Duty 3 Prong AC Power Extension Cord. This pack includes two 6-foot long extension cords that have a 3-pronged plug. They are made of sturdy PVC and can handle up to 13 Amps of electrical current. They are ideal for use with large appliances or electronics., A Wall brackets called OmniMount OE220 Tilting TV Wall Mount . Fits most 13-42 inch TVs up to 80lbs, VESA pattern 75x75 to 200x200. Tilts up/down 15 degrees, low profile design with 2.2-inch depth, includes complete hardware kit.), ",AC,no_strategy
4,7,1,"I understand your budget constraints, however, I'm sorry I cannot reduce the price of the AC. It has a 3-star energy rating, an inverter compressor, a cooling capacity of 5000 W, and a copper condenser coil. It also has an A Extension cords called Cable Matters 2-Pack 16 AWG Heavy Duty 3 Prong AC Power Extension Cord. It is made of sturdy PVC and can handle up to 13 Amps of electrical current. It is ideal for use with large appliances or electronics. and a A Wall brackets called OmniMount OE220 Tilting TV Wall Mount. Fits most 13-42 inch TVs up to 80lbs, VESA pattern 75x75 to 200x200. Tilts up",Negotiate-Price-NoChange,43100,"A AC called Whirlpool 1.5 Ton 3 Star Inverter Split AC. Has a 3-star energy rating, an inverter compressor, a cooling capacity of 5000 W, and a copper condenser coil., (A Extension cords called Cable Matters 2-Pack 16 AWG Heavy Duty 3 Prong AC Power Extension Cord. This pack includes two 6-foot long extension cords that have a 3-pronged plug. They are made of sturdy PVC and can handle up to 13 Amps of electrical current. They are ideal for use with large appliances or electronics., A Wall brackets called OmniMount OE220 Tilting TV Wall Mount . Fits most 13-42 inch TVs up to 80lbs, VESA pattern 75x75 to 200x200. Tilts up/down 15 degrees, low profile design with 2.2-inch depth, includes complete hardware kit.), ",AC,no_strategy
4,8,0,What is the Wall brackets?,Ask_Clarification-Y,NA',"A AC called Whirlpool 1.5 Ton 3 Star Inverter Split AC. Has a 3-star energy rating, an inverter compressor, a cooling capacity of 5000 W, and a copper condenser coil., (A Extension cords called Cable Matters 2-Pack 16 AWG Heavy Duty 3 Prong AC Power Extension Cord. This pack includes two 6-foot long extension cords that have a 3-pronged plug. They are made of sturdy PVC and can handle up to 13 Amps of electrical current. They are ideal for use with large appliances or electronics., A Wall brackets called OmniMount OE220 Tilting TV Wall Mount . Fits most 13-42 inch TVs up to 80lbs, VESA pattern 75x75 to 200x200. Tilts up/down 15 degrees, low profile design with 2.2-inch depth, includes complete hardware kit.), ",AC,no_strategy
4,8,1,This Wall brackets is a product of Whirlpool. It is a TV mount that can be used to mount a TV on the wall. It has a tilting feature so it can be adjusted as per the viewing angle of the TV.,Provide_Clarification-Y,NA',"A AC called Whirlpool 1.5 Ton 3 Star Inverter Split AC. Has a 3-star energy rating, an inverter compressor, a cooling capacity of 5000 W, and a copper condenser coil., (A Extension cords called Cable Matters 2-Pack 16 AWG Heavy Duty 3 Prong AC Power Extension Cord. This pack includes two 6-foot long extension cords that have a 3-pronged plug. They are made of sturdy PVC and can handle up to 13 Amps of electrical current. They are ideal for use with large appliances or electronics., A Wall brackets called OmniMount OE220 Tilting TV Wall Mount . Fits most 13-42 inch TVs up to 80lbs, VESA pattern 75x75 to 200x200. Tilts up/down 15 degrees, low profile design with 2.2-inch depth, includes complete hardware kit.), ",AC,expanding_the_pie
4,9,0,"What would be the price for the TV, extension cords, and wall mount?",Ask_Price,31100,"A AC called Whirlpool 1.5 Ton 3 Star Inverter Split AC. Has a 3-star energy rating, an inverter compressor, a cooling capacity of 5000 W, and a copper condenser coil., (A Extension cords called Cable Matters 2-Pack 16 AWG Heavy Duty 3 Prong AC Power Extension Cord. This pack includes two 6-foot long extension cords that have a 3-pronged plug. They are made of sturdy PVC and can handle up to 13 Amps of electrical current. They are ideal for use with large appliances or electronics., A Wall brackets called OmniMount OE220 Tilting TV Wall Mount . Fits most 13-42 inch TVs up to 80lbs, VESA pattern 75x75 to 200x200. Tilts up/down 15 degrees, low profile design with 2.2-inch depth, includes complete hardware kit.), ",AC,no_strategy
4,9,1,"The TV, extension cords, and wall mount would cost you $43100.0 it is a killer deal for the product.",Ask_Price,43100,"A AC called Whirlpool 1.5 Ton 3 Star Inverter Split AC. Has a 3-star energy rating, an inverter compressor, a cooling capacity of 5000 W, and a copper condenser coil., (A Extension cords called Cable Matters 2-Pack 16 AWG Heavy Duty 3 Prong AC Power Extension Cord. This pack includes two 6-foot long extension cords that have a 3-pronged plug. They are made of sturdy PVC and can handle up to 13 Amps of electrical current. They are ideal for use with large appliances or electronics., A Wall brackets called OmniMount OE220 Tilting TV Wall Mount . Fits most 13-42 inch TVs up to 80lbs, VESA pattern 75x75 to 200x200. Tilts up/down 15 degrees, low profile design with 2.2-inch depth, includes complete hardware kit.), ",AC,no_strategy
4,10,0,$31100.0 is the maximum that I can afford for this product.,Negotiate-Price-NoChange,31100,"A AC called Whirlpool 1.5 Ton 3 Star Inverter Split AC. Has a 3-star energy rating, an inverter compressor, a cooling capacity of 5000 W, and a copper condenser coil., (A Extension cords called Cable Matters 2-Pack 16 AWG Heavy Duty 3 Prong AC Power Extension Cord. This pack includes two 6-foot long extension cords that have a 3-pronged plug. They are made of sturdy PVC and can handle up to 13 Amps of electrical current. They are ideal for use with large appliances or electronics., A Wall brackets called OmniMount OE220 Tilting TV Wall Mount . Fits most 13-42 inch TVs up to 80lbs, VESA pattern 75x75 to 200x200. Tilts up/down 15 degrees, low profile design with 2.2-inch depth, includes complete hardware kit.), ",AC,no_strategy
4,10,1,I understand that $37900.0 is a bit much for this product. I'm willing to go as low as $31100.0. Is that acceptable?,Negotiate-Price-Increase,37900,"A AC called Whirlpool 1.5 Ton 3 Star Inverter Split AC. Has a 3-star energy rating, an inverter compressor, a cooling capacity of 5000 W, and a copper condenser coil., (A Extension cords called Cable Matters 2-Pack 16 AWG Heavy Duty 3 Prong AC Power Extension Cord. This pack includes two 6-foot long extension cords that have a 3-pronged plug. They are made of sturdy PVC and can handle up to 13 Amps of electrical current. They are ideal for use with large appliances or electronics., A Wall brackets called OmniMount OE220 Tilting TV Wall Mount . Fits most 13-42 inch TVs up to 80lbs, VESA pattern 75x75 to 200x200. Tilts up/down 15 degrees, low profile design with 2.2-inch depth, includes complete hardware kit.), ",AC,gradual_concession_making
4,11,0,"I'm sorry, but $37900.0 is still way above my budget. I'm willing to go as low as $32800.0 but I can't go any lower than that.",Negotiate-Price-Decrease,32800,"A AC called Whirlpool 1.5 Ton 3 Star Inverter Split AC. Has a 3-star energy rating, an inverter compressor, a cooling capacity of 5000 W, and a copper condenser coil., (A Extension cords called Cable Matters 2-Pack 16 AWG Heavy Duty 3 Prong AC Power Extension Cord. This pack includes two 6-foot long extension cords that have a 3-pronged plug. They are made of sturdy PVC and can handle up to 13 Amps of electrical current. They are ideal for use with large appliances or electronics., A Wall brackets called OmniMount OE220 Tilting TV Wall Mount . Fits most 13-42 inch TVs up to 80lbs, VESA pattern 75x75 to 200x200. Tilts up/down 15 degrees, low profile design with 2.2-inch depth, includes complete hardware kit.), ",AC,gradual_concession_making
4,11,1,"I understand that $32800.0 is still above your budget. However, the best price I can offer for this is $35100.0 It has a great design and I'm sure you will be happy with it. Shall we shake on this?",Negotiate-Price-Increase,35100,"A AC called Whirlpool 1.5 Ton 3 Star Inverter Split AC. Has a 3-star energy rating, an inverter compressor, a cooling capacity of 5000 W, and a copper condenser coil., (A Extension cords called Cable Matters 2-Pack 16 AWG Heavy Duty 3 Prong AC Power Extension Cord. This pack includes two 6-foot long extension cords that have a 3-pronged plug. They are made of sturdy PVC and can handle up to 13 Amps of electrical current. They are ideal for use with large appliances or electronics., A Wall brackets called OmniMount OE220 Tilting TV Wall Mount . Fits most 13-42 inch TVs up to 80lbs, VESA pattern 75x75 to 200x200. Tilts up/down 15 degrees, low profile design with 2.2-inch depth, includes complete hardware kit.), ",AC,large_initial_concession_making
4,12,0,I'll take it!,Accept,32800,"A AC called Whirlpool 1.5 Ton 3 Star Inverter Split AC. Has a 3-star energy rating, an inverter compressor, a cooling capacity of 5000 W, and a copper condenser coil., (A Extension cords called Cable Matters 2-Pack 16 AWG Heavy Duty 3 Prong AC Power Extension Cord. This pack includes two 6-foot long extension cords that have a 3-pronged plug. They are made of sturdy PVC and can handle up to 13 Amps of electrical current. They are ideal for use with large appliances or electronics., A Wall brackets called OmniMount OE220 Tilting TV Wall Mount . Fits most 13-42 inch TVs up to 80lbs, VESA pattern 75x75 to 200x200. Tilts up/down 15 degrees, low profile design with 2.2-inch depth, includes complete hardware kit.), ",AC,no_strategy
4,12,1,Your order is confirmed. We can now proceed with the transaction!,Acknowledge acceptance,32800,"A AC called Whirlpool 1.5 Ton 3 Star Inverter Split AC. Has a 3-star energy rating, an inverter compressor, a cooling capacity of 5000 W, and a copper condenser coil., (A Extension cords called Cable Matters 2-Pack 16 AWG Heavy Duty 3 Prong AC Power Extension Cord. This pack includes two 6-foot long extension cords that have a 3-pronged plug. They are made of sturdy PVC and can handle up to 13 Amps of electrical current. They are ideal for use with large appliances or electronics., A Wall brackets called OmniMount OE220 Tilting TV Wall Mount . Fits most 13-42 inch TVs up to 80lbs, VESA pattern 75x75 to 200x200. Tilts up/down 15 degrees, low profile design with 2.2-inch depth, includes complete hardware kit.), ",AC,no_strategy
5,1,0,Does the TV have a good picture quality?,Ask_Clarification-Y,NA',"A TV called Sharp Aquos R3 . This 4K TV features a 120Hz refresh rate, 70-inch screen, and 5G connectivity for streaming content., (A Soundbar called Sonos Beam. The Sonos Beam is a compact soundbar that provides excellent sound quality and features Amazon Alexa voice control built-in. It is easy to set up and can be controlled through the Sonos app, making it a great option for smart home enthusiasts.,), ","TV, (Soundbar,)",active_listening
5,1,1,"The TV features a 120Hz refresh rate and a 70-inch screen. It has a resolution of 3840 x 2160 and a contrast ratio of 1000:1. The TV also has 5G connectivity for accessing content from Amazon Fire TV, Alexa, and Netflix.",Provide_Clarification-Y,NA',"A TV called Sharp Aquos R3 . This 4K TV features a 120Hz refresh rate, 70-inch screen, and 5G connectivity for streaming content., (A Soundbar called Sonos Beam. The Sonos Beam is a compact soundbar that provides excellent sound quality and features Amazon Alexa voice control built-in. It is easy to set up and can be controlled through the Sonos app, making it a great option for smart home enthusiasts.,), ","TV, (Soundbar,)",no_strategy
5,2,0,"Hey, I do not need the soundbar. Is it possible to remove the soundbar from the package? What would be the new price?",Negotiate-Remove-X,74200,"A TV called Sharp Aquos R3 . This 4K TV features a 120Hz refresh rate, 70-inch screen, and 5G connectivity for streaming content., (A Soundbar called Sonos Beam. The Sonos Beam is a compact soundbar that provides excellent sound quality and features Amazon Alexa voice control built-in. It is easy to set up and can be controlled through the Sonos app, making it a great option for smart home enthusiasts.,), ",TV,no_strategy
5,2,1,"Sure, go ahead and remove the soundbar and just leave the other stuff.",tell_price,98300,"A TV called Sharp Aquos R3 . This 4K TV features a 120Hz refresh rate, 70-inch screen, and 5G connectivity for streaming content., (A Soundbar called Sonos Beam. The Sonos Beam is a compact soundbar that provides excellent sound quality and features Amazon Alexa voice control built-in. It is easy to set up and can be controlled through the Sonos app, making it a great option for smart home enthusiasts.,), ",TV,no_strategy
5,3,0,that are the specifications of the Sharp Aquos R3 4K TV and what is the difference between the Sharp Aquos R2 4K TV?,Ask_Clarification-Y,NA',"A TV called Sharp Aquos R3 . This 4K TV features a 120Hz refresh rate, 70-inch screen, and 5G connectivity for streaming content., (A Soundbar called Sonos Beam. The Sonos Beam is a compact soundbar that provides excellent sound quality and features Amazon Alexa voice control built-in. It is easy to set up and can be controlled through the Sonos app, making it a great option for smart home enthusiasts.,), ",TV,no_strategy
5,3,1,"The Sharp Aquos R3 TV has a 120Hz refresh rate, 70-inch screen, and 5G connectivity for streaming content. The Sharp Aquos R2 TV has a 120Hz refresh rate, 60-inch screen, and 4G connectivity for streaming content.",Provide_Clarification-Y,NA',"A TV called Sharp Aquos R3 . This 4K TV features a 120Hz refresh rate, 70-inch screen, and 5G connectivity for streaming content., (A Soundbar called Sonos Beam. The Sonos Beam is a compact soundbar that provides excellent sound quality and features Amazon Alexa voice control built-in. It is easy to set up and can be controlled through the Sonos app, making it a great option for smart home enthusiasts.,), ",TV,expanding_the_pie
5,4,0,What is your best deal if I were to buy the TV along with the Soundbar?,Negotiate-Add-X,75100,"A TV called Sharp Aquos R3 . This 4K TV features a 120Hz refresh rate, 70-inch screen, and 5G connectivity for streaming content., (A Soundbar called Sonos Beam. The Sonos Beam is a compact soundbar that provides excellent sound quality and features Amazon Alexa voice control built-in. It is easy to set up and can be controlled through the Sonos app, making it a great option for smart home enthusiasts.,), ","TV, (Soundbar,)",expanding_the_pie
5,4,1,"If you buy the TV and the soundbar, it would cost you only $99200.0 How does that sound?",tell_price,99200,"A TV called Sharp Aquos R3 . This 4K TV features a 120Hz refresh rate, 70-inch screen, and 5G connectivity for streaming content., (A Soundbar called Sonos Beam. The Sonos Beam is a compact soundbar that provides excellent sound quality and features Amazon Alexa voice control built-in. It is easy to set up and can be controlled through the Sonos app, making it a great option for smart home enthusiasts.,), ","TV, (Soundbar,)",expanding_the_pie
5,5,0,would you please let me know the screen size of the Sharp Aquos R3 TV?,Ask_Clarification-Y,NA',"A TV called Sharp Aquos R3 . This 4K TV features a 120Hz refresh rate, 70-inch screen, and 5G connectivity for streaming content., (A Soundbar called Sonos Beam. The Sonos Beam is a compact soundbar that provides excellent sound quality and features Amazon Alexa voice control built-in. It is easy to set up and can be controlled through the Sonos app, making it a great option for smart home enthusiasts.,), ","TV, (Soundbar,)",no_strategy
5,5,1,The screen size of the Sharp Aquos R3 is 70 inches. Can I help you with any other query?,Provide_Clarification-Y,NA',"A TV called Sharp Aquos R3 . This 4K TV features a 120Hz refresh rate, 70-inch screen, and 5G connectivity for streaming content., (A Soundbar called Sonos Beam. The Sonos Beam is a compact soundbar that provides excellent sound quality and features Amazon Alexa voice control built-in. It is easy to set up and can be controlled through the Sonos app, making it a great option for smart home enthusiasts.,), ","TV, (Soundbar,)",active_listening
5,6,0,"Excuse me, I do not want the delivery and I will not be using the Sonos Beam. Is it possible to remove the delivery from the deal? What would be the new price?",Negotiate-Remove-delivery,74600,"A TV called Sharp Aquos R3 . This 4K TV features a 120Hz refresh rate, 70-inch screen, and 5G connectivity for streaming content., (A Soundbar called Sonos Beam. The Sonos Beam is a compact soundbar that provides excellent sound quality and features Amazon Alexa voice control built-in. It is easy to set up and can be controlled through the Sonos app, making it a great option for smart home enthusiasts.,), ","TV, (Soundbar,)",gradual_concession_making
5,6,1,"Certainly, if you do not want the delivery, I can remove the delivery from the deal. ",Negotiate-Remove-delivery,98700,"A TV called Sharp Aquos R3 . This 4K TV features a 120Hz refresh rate, 70-inch screen, and 5G connectivity for streaming content., (A Soundbar called Sonos Beam. The Sonos Beam is a compact soundbar that provides excellent sound quality and features Amazon Alexa voice control built-in. It is easy to set up and can be controlled through the Sonos app, making it a great option for smart home enthusiasts.,), ","TV, (Soundbar,)",expanding_the_pie
5,7,0,"What would be the price for the TV, soundbar, and wall mount altogether?",Ask_Price,74600,"A TV called Sharp Aquos R3 . This 4K TV features a 120Hz refresh rate, 70-inch screen, and 5G connectivity for streaming content., (A Soundbar called Sonos Beam. The Sonos Beam is a compact soundbar that provides excellent sound quality and features Amazon Alexa voice control built-in. It is easy to set up and can be controlled through the Sonos app, making it a great option for smart home enthusiasts.,), ","TV, (Soundbar,)",no_strategy
5,7,1,"You would have to add the TV, the soundbar, and the wall mount together to see what it would be. I would say it would be close to $98700.0",Ask_Price,98700,"A TV called Sharp Aquos R3 . This 4K TV features a 120Hz refresh rate, 70-inch screen, and 5G connectivity for streaming content., (A Soundbar called Sonos Beam. The Sonos Beam is a compact soundbar that provides excellent sound quality and features Amazon Alexa voice control built-in. It is easy to set up and can be controlled through the Sonos app, making it a great option for smart home enthusiasts.,), ","TV, (Soundbar,)",no_strategy
5,8,0,Can you tell me about the refresh rate of the Sharp Aquos R3?,Ask_Clarification-Y,NA',"A TV called Sharp Aquos R3 . This 4K TV features a 120Hz refresh rate, 70-inch screen, and 5G connectivity for streaming content., (A Soundbar called Sonos Beam. The Sonos Beam is a compact soundbar that provides excellent sound quality and features Amazon Alexa voice control built-in. It is easy to set up and can be controlled through the Sonos app, making it a great option for smart home enthusiasts.,), ","TV, (Soundbar,)",no_strategy
5,8,1,The refresh rate of the Sharp Aquos R3 is 120 Hz.,Provide_Clarification-Y,NA',"A TV called Sharp Aquos R3 . This 4K TV features a 120Hz refresh rate, 70-inch screen, and 5G connectivity for streaming content., (A Soundbar called Sonos Beam. The Sonos Beam is a compact soundbar that provides excellent sound quality and features Amazon Alexa voice control built-in. It is easy to set up and can be controlled through the Sonos app, making it a great option for smart home enthusiasts.,), ","TV, (Soundbar,)",no_strategy
5,9,0,"What would be the price for the TV, soundbar, and wall mount altogether?",Ask_Price,74600,"A TV called Sharp Aquos R3 . This 4K TV features a 120Hz refresh rate, 70-inch screen, and 5G connectivity for streaming content., (A Soundbar called Sonos Beam. The Sonos Beam is a compact soundbar that provides excellent sound quality and features Amazon Alexa voice control built-in. It is easy to set up and can be controlled through the Sonos app, making it a great option for smart home enthusiasts.,), ","TV, (Soundbar,)",no_strategy
5,9,1,"With wall mount included, the TV, soundbar, and wall mount altogether would only cost you $98700.0 sounds very fair for the product.",Ask_Price,98700,"A TV called Sharp Aquos R3 . This 4K TV features a 120Hz refresh rate, 70-inch screen, and 5G connectivity for streaming content., (A Soundbar called Sonos Beam. The Sonos Beam is a compact soundbar that provides excellent sound quality and features Amazon Alexa voice control built-in. It is easy to set up and can be controlled through the Sonos app, making it a great option for smart home enthusiasts.,), ","TV, (Soundbar,)",expanding_the_pie
5,10,0,"With the wall mount included, the total price for this TV, soundbar, and wall mount would be $98700.0 This is a fair price for the product, and I appreciate your interest in it. However, I cannot go lower than $78900.0 since my budget is that low. Thank you.",Reject,78900,"A TV called Sharp Aquos R3 . This 4K TV features a 120Hz refresh rate, 70-inch screen, and 5G connectivity for streaming content., (A Soundbar called Sonos Beam. The Sonos Beam is a compact soundbar that provides excellent sound quality and features Amazon Alexa voice control built-in. It is easy to set up and can be controlled through the Sonos app, making it a great option for smart home enthusiasts.,), ","TV, (Soundbar,)",no_strategy
